{
  "图片": {
    "做法": 0.01326591817790275,
    "句子": 0.0037486569289477997,
    "适合": 0.0032503498134106162,
    "视频": 0.00296876498462408,
    "价格表": 0.0019494069710063071
  },
  "手机": {
    "完整版": 0.011087185977932536,
    "头像": 0.006281341113089849,
    "荣耀": 0.005336954403822466,
    "6s": 0.0029454871298048566,
    "下载": 0.0025916884104219854
  },
  "小说": {
    "微微一笑": 0.019087612543686155,
    "全文": 0.012711982049501715,
    "火线": 0.009679589345428733,
    "女主角": 0.009080096719398294,
    "2016": 0.0050981174355383164
  },
  "视频": {
    "在线": 0.023647268862071004,
    "王者荣耀": 0.013764267081884163,
    "观看": 0.009877018137089709,
    "图片": 0.005036802112810619,
    "设计": 0.0029602638434619074
  },
  "下载": {
    "重生": 0.016387937933296588,
    "百度云": 0.013025669923698477,
    "阅读": 0.009763689917113091,
    "电视剧": 0.006951511960764893,
    "官方网站": 0.006759298266478977
  },
  "大全": {
    "小说": 0.011909053541637602,
    "家常": 0.008785348871345532,
    "发型": 0.004709256783675848,
    "倾城": 0.0031993373068572436,
    "好听": 0.0026071001346940573
  },
  "qq": {
    "小说": 0.020896654614101937,
    "侠盗": 0.014471638672742527,
    "手机版": 0.012159970472186872,
    "重生": 0.008515575181704501,
    "163": 0.005905945644497524
  },
  "电影": {
    "在线": 0.02794850642744299,
    "倾城": 0.017327600214331995,
    "微微一笑": 0.015285158128568533,
    "观看": 0.011408993921732485,
    "图片": 0.0076959165144257664
  },
  "中国": {
    "最新": 0.004990909059934353,
    "百度": 0.002518445620999911,
    "大学排名": 0.002183475052086682,
    "学院": 0.0007306053206919491,
    "教学": 0.00046128424994160307
  },
  "世界": {
    "魔兽争霸": 0.006913277562477582,
    "wifi": 0.006196371214168433,
    "异界": 0.0052397930585494,
    "手机版": 0.003983771192591188,
    "告白": 0.0031352980932548547
  }
}